URL,Last crawled
https://bondflorida.com/contact,1970-01-01
https://bondflorida.com/county/broward,1970-01-01
https://bondflorida.com/county/broward/fort-lauderdale,1970-01-01
https://bondflorida.com/county/broward/hollywood,1970-01-01
https://bondflorida.com/county/broward/pompano-beach,1970-01-01
https://bondflorida.com/county/duval,1970-01-01
https://bondflorida.com/county/duval/jacksonville-beach,1970-01-01
https://bondflorida.com/county/hillsborough,1970-01-01
https://bondflorida.com/county/hillsborough/brandon,1970-01-01
https://bondflorida.com/county/hillsborough/plant-city,1970-01-01
https://bondflorida.com/county/hillsborough/tampa,1970-01-01
https://bondflorida.com/county/lee,1970-01-01
https://bondflorida.com/county/miami-dade/hialeah,1970-01-01
https://bondflorida.com/county/miami-dade/miami,1970-01-01
https://bondflorida.com/county/miami-dade/miami-beach,1970-01-01
https://bondflorida.com/county/orange/apopka,1970-01-01
https://bondflorida.com/county/orange/winter-park,1970-01-01
https://bondflorida.com/county/palm-beach,1970-01-01
https://bondflorida.com/county/pasco,1970-01-01
https://bondflorida.com/county/pasco/new-port-richey,1970-01-01
https://bondflorida.com/county/pasco/wesley-chapel,1970-01-01
https://bondflorida.com/county/pinellas,1970-01-01
https://bondflorida.com/county/pinellas/st-petersburg,1970-01-01
https://bondflorida.com/county/polk,1970-01-01
https://bondflorida.com/county/polk/lakeland,1970-01-01
https://bondflorida.com/county/polk/winter-haven,1970-01-01
https://bondflorida.com/services/domestic-violence-bail,1970-01-01
https://bondflorida.com/services/domestic-violence-bail/apopka,1970-01-01
https://bondflorida.com/services/domestic-violence-bail/brandon,1970-01-01
https://bondflorida.com/services/domestic-violence-bail/clearwater,1970-01-01
https://bondflorida.com/services/domestic-violence-bail/fort-lauderdale,1970-01-01
https://bondflorida.com/services/domestic-violence-bail/hialeah,1970-01-01
https://bondflorida.com/services/domestic-violence-bail/hollywood,1970-01-01
https://bondflorida.com/services/domestic-violence-bail/jacksonville-beach,1970-01-01
https://bondflorida.com/services/domestic-violence-bail/lakeland,1970-01-01
https://bondflorida.com/services/domestic-violence-bail/miami,1970-01-01
https://bondflorida.com/services/domestic-violence-bail/miami-beach,1970-01-01
https://bondflorida.com/services/domestic-violence-bail/new-port-richey,1970-01-01
https://bondflorida.com/services/domestic-violence-bail/orlando,1970-01-01
https://bondflorida.com/services/domestic-violence-bail/plant-city,1970-01-01
https://bondflorida.com/services/domestic-violence-bail/pompano-beach,1970-01-01
https://bondflorida.com/services/domestic-violence-bail/st-petersburg,1970-01-01
https://bondflorida.com/services/domestic-violence-bail/tampa,1970-01-01
https://bondflorida.com/services/domestic-violence-bail/wesley-chapel,1970-01-01
https://bondflorida.com/services/domestic-violence-bail/winter-haven,1970-01-01
https://bondflorida.com/services/domestic-violence-bail/winter-park,1970-01-01
https://bondflorida.com/services/dui-bail-bonds,1970-01-01
https://bondflorida.com/services/dui-bail-bonds/apopka,1970-01-01
https://bondflorida.com/services/dui-bail-bonds/brandon,1970-01-01
https://bondflorida.com/services/dui-bail-bonds/clearwater,1970-01-01
https://bondflorida.com/services/dui-bail-bonds/fort-lauderdale,1970-01-01
https://bondflorida.com/services/dui-bail-bonds/hialeah,1970-01-01
https://bondflorida.com/services/dui-bail-bonds/hollywood,1970-01-01
https://bondflorida.com/services/dui-bail-bonds/jacksonville-beach,1970-01-01
https://bondflorida.com/services/dui-bail-bonds/lakeland,1970-01-01
https://bondflorida.com/services/dui-bail-bonds/miami,1970-01-01
https://bondflorida.com/services/dui-bail-bonds/miami-beach,1970-01-01
https://bondflorida.com/services/dui-bail-bonds/new-port-richey,1970-01-01
https://bondflorida.com/services/dui-bail-bonds/orlando,1970-01-01
https://bondflorida.com/services/dui-bail-bonds/plant-city,1970-01-01
https://bondflorida.com/services/dui-bail-bonds/pompano-beach,1970-01-01
https://bondflorida.com/services/dui-bail-bonds/st-petersburg,1970-01-01
https://bondflorida.com/services/dui-bail-bonds/tampa,1970-01-01
https://bondflorida.com/services/dui-bail-bonds/wesley-chapel,1970-01-01
https://bondflorida.com/services/dui-bail-bonds/winter-haven,1970-01-01
https://bondflorida.com/services/dui-bail-bonds/winter-park,1970-01-01
https://bondflorida.com/services/immigration-bail-bonds,1970-01-01
https://bondflorida.com/services/immigration-bail-bonds/apopka,1970-01-01
https://bondflorida.com/services/immigration-bail-bonds/brandon,1970-01-01
https://bondflorida.com/services/immigration-bail-bonds/clearwater,1970-01-01
https://bondflorida.com/services/immigration-bail-bonds/fort-lauderdale,1970-01-01
https://bondflorida.com/services/immigration-bail-bonds/hialeah,1970-01-01
https://bondflorida.com/services/immigration-bail-bonds/hollywood,1970-01-01
https://bondflorida.com/services/immigration-bail-bonds/lakeland,1970-01-01
https://bondflorida.com/services/immigration-bail-bonds/miami,1970-01-01
https://bondflorida.com/services/immigration-bail-bonds/miami-beach,1970-01-01
https://bondflorida.com/services/immigration-bail-bonds/new-port-richey,1970-01-01
https://bondflorida.com/services/immigration-bail-bonds/orlando,1970-01-01
https://bondflorida.com/services/immigration-bail-bonds/plant-city,1970-01-01
https://bondflorida.com/services/immigration-bail-bonds/pompano-beach,1970-01-01
https://bondflorida.com/services/immigration-bail-bonds/st-petersburg,1970-01-01
https://bondflorida.com/services/immigration-bail-bonds/tampa,1970-01-01
https://bondflorida.com/services/immigration-bail-bonds/wesley-chapel,1970-01-01
https://bondflorida.com/services/immigration-bail-bonds/winter-haven,1970-01-01
https://bondflorida.com/services/immigration-bail-bonds/winter-park,1970-01-01
https://bondflorida.com/services/nebbia-hold-bail,1970-01-01
https://bondflorida.com/services/nebbia-hold-bail/apopka,1970-01-01
https://bondflorida.com/services/nebbia-hold-bail/brandon,1970-01-01
https://bondflorida.com/services/nebbia-hold-bail/clearwater,1970-01-01
https://bondflorida.com/services/nebbia-hold-bail/fort-lauderdale,1970-01-01
https://bondflorida.com/services/nebbia-hold-bail/hialeah,1970-01-01
https://bondflorida.com/services/nebbia-hold-bail/hollywood,1970-01-01
https://bondflorida.com/services/nebbia-hold-bail/jacksonville-beach,1970-01-01
https://bondflorida.com/services/nebbia-hold-bail/miami,1970-01-01
https://bondflorida.com/services/nebbia-hold-bail/miami-beach,1970-01-01
https://bondflorida.com/services/nebbia-hold-bail/new-port-richey,1970-01-01
https://bondflorida.com/services/nebbia-hold-bail/orlando,1970-01-01
https://bondflorida.com/services/nebbia-hold-bail/plant-city,1970-01-01
https://bondflorida.com/services/nebbia-hold-bail/pompano-beach,1970-01-01
https://bondflorida.com/services/nebbia-hold-bail/st-petersburg,1970-01-01
https://bondflorida.com/services/nebbia-hold-bail/tampa,1970-01-01
https://bondflorida.com/services/nebbia-hold-bail/wesley-chapel,1970-01-01
https://bondflorida.com/services/nebbia-hold-bail/winter-haven,1970-01-01
https://bondflorida.com/services/nebbia-hold-bail/winter-park,1970-01-01
https://bondflorida.com/services/traffic-warrant-bail,1970-01-01
https://bondflorida.com/services/traffic-warrant-bail/apopka,1970-01-01
https://bondflorida.com/services/traffic-warrant-bail/brandon,1970-01-01
https://bondflorida.com/services/traffic-warrant-bail/clearwater,1970-01-01
https://bondflorida.com/services/traffic-warrant-bail/fort-lauderdale,1970-01-01
https://bondflorida.com/services/traffic-warrant-bail/hialeah,1970-01-01
https://bondflorida.com/services/traffic-warrant-bail/hollywood,1970-01-01
https://bondflorida.com/services/traffic-warrant-bail/jacksonville-beach,1970-01-01
https://bondflorida.com/services/traffic-warrant-bail/lakeland,1970-01-01
https://bondflorida.com/services/traffic-warrant-bail/miami,1970-01-01
https://bondflorida.com/services/traffic-warrant-bail/miami-beach,1970-01-01
https://bondflorida.com/services/traffic-warrant-bail/new-port-richey,1970-01-01
https://bondflorida.com/services/traffic-warrant-bail/orlando,1970-01-01
https://bondflorida.com/services/traffic-warrant-bail/plant-city,1970-01-01
https://bondflorida.com/services/traffic-warrant-bail/pompano-beach,1970-01-01
https://bondflorida.com/services/traffic-warrant-bail/st-petersburg,1970-01-01
https://bondflorida.com/services/traffic-warrant-bail/tampa,1970-01-01
https://bondflorida.com/services/traffic-warrant-bail/wesley-chapel,1970-01-01
https://bondflorida.com/services/traffic-warrant-bail/winter-haven,1970-01-01
https://bondflorida.com/services/traffic-warrant-bail/winter-park,1970-01-01