Top queries,Clicks,Impressions,CTR,Position
florida bail bonds,0,6,0%,20.17
surety bail bonds cape coral fl,0,3,0%,74.67
surety bail bonds estero fl,0,2,0%,19.5
24/7 statewide bail bond,0,2,0%,22
bond fl,0,1,0%,6
florida bail bond,0,1,0%,14
bail bond services florida,0,1,0%,22
bailbounds,0,1,0%,25
bail bonds clearwater fl,0,1,0%,37
orange county florida bail bonds,0,1,0%,38
bail bonds fl,0,1,0%,39
florida bail bondsman,0,1,0%,45
hillsborough county bail bonds,0,1,0%,77
domestic violence bail bonds winstead,0,1,0%,80
polk county bail bonds,0,1,0%,97